N,P,K,temperature,humidity,ph,rainfall,label
90,42,43,20.87,82.00,6.50,202.93,rice
85,58,41,21.77,80.31,7.04,226.66,rice
60,55,44,23.00,82.32,7.84,263.96,rice
74,35,40,26.49,80.16,6.98,242.86,rice
78,42,42,20.13,81.60,7.63,262.72,rice
69,37,42,23.05,83.58,7.07,225.70,rice
69,55,38,22.70,82.64,5.70,251.33,rice
94,53,40,20.27,82.89,5.72,271.32,rice
89,54,38,24.51,83.54,6.42,230.44,rice
68,58,38,23.22,83.03,6.33,221.21,rice
91,47,45,22.39,84.10,6.88,245.50,rice
80,40,39,21.50,81.75,6.72,235.60,rice
76,44,41,23.80,80.90,7.15,258.30,rice
82,50,43,25.10,82.45,6.55,210.80,rice
95,38,36,20.95,84.20,5.95,270.15,rice
18,68,20,27.18,48.56,6.20,103.46,maize
20,70,25,28.50,50.20,6.50,98.60,maize
25,65,22,26.90,52.30,6.80,110.50,maize
22,72,18,29.30,47.80,5.90,95.20,maize
19,75,28,27.80,49.60,6.40,101.30,maize
21,68,24,28.10,51.40,7.10,108.80,maize
24,63,20,26.50,53.70,6.30,112.40,maize
17,71,19,29.80,46.90,5.80,93.50,maize
23,66,26,27.40,50.80,6.90,105.70,maize
20,69,22,28.90,48.30,6.10,97.80,maize
26,67,21,27.60,52.10,6.70,115.30,maize
15,73,23,30.10,45.80,5.60,90.40,maize
28,64,27,26.20,54.50,7.20,118.60,maize
16,74,17,29.50,47.20,5.70,92.30,maize
22,70,25,28.30,49.90,6.60,100.50,maize
11,53,6,33.39,64.96,6.22,22.69,chickpea
14,50,8,34.20,62.50,7.10,25.30,chickpea
10,48,5,32.80,66.40,6.80,20.50,chickpea
13,55,7,35.10,61.20,6.50,18.90,chickpea
9,52,10,33.90,63.80,7.30,23.40,chickpea
12,47,6,34.60,65.10,6.10,21.60,chickpea
15,56,9,32.50,67.20,7.50,24.80,chickpea
8,51,4,35.80,60.90,6.40,19.20,chickpea
11,49,7,33.20,64.30,6.90,22.10,chickpea
13,54,8,34.80,62.70,7.20,26.50,chickpea
16,50,11,32.10,68.00,6.60,28.30,chickpea
7,53,5,36.20,59.80,6.30,17.50,chickpea
14,46,6,33.70,66.80,7.40,20.80,chickpea
10,57,9,35.40,61.50,6.70,23.90,chickpea
12,52,7,34.10,63.40,7.00,21.40,chickpea
36,46,8,22.63,56.40,7.43,90.02,kidneybeans
40,50,10,21.80,58.20,7.10,85.60,kidneybeans
32,48,12,23.50,54.80,7.60,92.30,kidneybeans
38,44,9,22.10,57.60,7.30,88.40,kidneybeans
34,52,7,23.90,55.40,7.80,94.50,kidneybeans
42,47,11,21.40,59.00,7.20,83.20,kidneybeans
37,45,8,22.80,56.90,7.50,91.60,kidneybeans
30,51,13,24.20,53.60,7.90,96.80,kidneybeans
39,43,10,21.60,58.80,7.00,86.90,kidneybeans
35,49,9,23.30,55.70,7.70,93.40,kidneybeans
41,46,12,22.40,57.10,7.40,84.80,kidneybeans
33,53,6,24.50,54.20,7.85,97.60,kidneybeans
36,44,11,21.90,59.40,7.15,87.50,kidneybeans
38,50,8,23.10,56.30,7.55,90.70,kidneybeans
31,47,14,24.80,52.90,7.95,99.10,kidneybeans
19,29,38,18.82,36.48,6.93,51.19,pigeonpeas
22,32,35,19.50,38.20,6.50,48.60,pigeonpeas
17,27,40,20.10,34.80,7.20,53.40,pigeonpeas
21,30,36,18.30,37.60,6.80,50.20,pigeonpeas
24,34,33,19.80,39.40,6.40,46.80,pigeonpeas
18,28,39,20.50,35.60,7.10,54.60,pigeonpeas
20,31,37,18.60,37.20,6.70,49.80,pigeonpeas
16,26,41,20.80,33.90,7.30,55.80,pigeonpeas
23,33,34,19.20,38.80,6.30,47.40,pigeonpeas
19,29,38,20.30,36.10,7.00,52.60,pigeonpeas
25,35,32,18.10,40.00,6.20,45.60,pigeonpeas
15,25,42,21.10,33.20,7.40,57.00,pigeonpeas
22,30,36,19.90,37.50,6.60,50.80,pigeonpeas
18,28,39,20.60,35.30,7.15,53.90,pigeonpeas
20,32,37,18.90,36.80,6.85,49.20,pigeonpeas
58,12,20,28.80,55.80,6.63,36.07,mothbeans
55,15,18,29.50,53.20,6.80,38.40,mothbeans
62,10,22,28.20,57.40,6.40,34.20,mothbeans
56,14,19,30.10,52.60,6.90,39.80,mothbeans
60,11,21,28.60,56.20,6.50,35.60,mothbeans
53,16,17,29.80,54.00,7.10,40.50,mothbeans
64,9,23,27.90,58.00,6.30,33.00,mothbeans
57,13,20,30.40,51.80,6.70,41.20,mothbeans
59,12,19,28.40,56.80,6.60,36.80,mothbeans
54,15,21,29.20,53.80,7.00,38.90,mothbeans
61,10,22,28.10,57.60,6.35,34.50,mothbeans
52,17,16,30.60,51.20,7.20,42.00,mothbeans
63,11,20,27.70,58.40,6.25,32.50,mothbeans
56,14,18,29.90,53.40,6.85,39.40,mothbeans
58,12,21,28.50,56.00,6.55,37.20,mothbeans
6,37,20,28.78,84.95,7.06,40.11,mungbean
8,40,18,29.50,82.30,6.80,38.60,mungbean
5,35,22,28.20,86.40,7.30,42.50,mungbean
7,38,19,30.10,83.80,6.60,39.80,mungbean
9,42,17,28.60,85.60,7.10,37.40,mungbean
4,34,23,29.80,81.50,6.90,43.20,mungbean
6,36,21,28.40,84.20,7.20,41.60,mungbean
10,43,16,30.40,82.00,6.50,36.80,mungbean
5,37,20,29.20,85.10,7.00,40.50,mungbean
8,39,18,28.90,83.60,6.70,38.20,mungbean
3,33,24,30.60,80.80,7.40,44.00,mungbean
7,36,21,28.10,86.80,6.85,41.90,mungbean
11,44,15,30.80,81.20,6.40,35.60,mungbean
6,38,19,29.50,84.50,7.15,39.60,mungbean
9,41,17,28.70,83.20,6.75,37.80,mungbean
21,47,30,28.18,47.30,7.37,72.80,blackgram
24,50,28,29.50,45.20,7.10,70.40,blackgram
18,44,32,27.60,49.00,7.60,75.60,blackgram
22,48,29,28.80,46.80,7.30,73.20,blackgram
26,52,26,29.90,44.50,6.90,68.80,blackgram
20,46,31,27.20,48.60,7.50,74.40,blackgram
23,49,28,28.50,46.40,7.20,71.60,blackgram
17,43,33,27.00,49.80,7.70,76.80,blackgram
25,51,27,29.60,44.80,7.00,69.60,blackgram
21,47,30,28.30,47.60,7.40,73.60,blackgram
27,53,25,30.20,43.80,6.80,67.20,blackgram
19,45,32,27.40,48.40,7.55,75.00,blackgram
22,48,29,28.60,46.60,7.25,72.40,blackgram
16,42,34,26.80,50.20,7.80,77.60,blackgram
24,50,28,29.30,45.00,7.05,70.00,blackgram
0,35,5,40.32,57.18,6.75,38.83,lentil
2,38,8,39.80,55.40,6.40,35.60,lentil
1,33,4,41.00,58.60,7.10,40.20,lentil
3,40,7,39.50,56.80,6.60,37.40,lentil
0,36,6,40.80,57.60,6.90,39.60,lentil
4,42,9,39.20,54.80,6.30,34.20,lentil
1,34,5,41.20,58.20,7.20,41.00,lentil
2,37,7,40.10,56.40,6.50,36.80,lentil
0,35,4,40.60,57.80,7.00,39.20,lentil
3,39,8,39.60,55.60,6.70,37.80,lentil
5,43,10,38.80,54.20,6.20,33.40,lentil
1,32,3,41.50,59.00,7.30,42.00,lentil
2,36,6,40.40,57.40,6.80,38.40,lentil
4,41,8,39.30,55.20,6.45,36.00,lentil
0,34,5,40.90,58.40,7.05,40.80,lentil
101,22,16,20.13,67.93,6.82,23.69,pomegranate
98,25,18,21.50,65.40,6.50,25.80,pomegranate
105,20,14,19.80,69.60,7.10,22.40,pomegranate
99,23,17,20.80,66.80,6.70,24.60,pomegranate
103,21,15,19.50,68.20,7.20,21.80,pomegranate
96,26,19,21.90,64.60,6.40,26.40,pomegranate
107,19,13,19.20,70.40,7.30,20.60,pomegranate
100,24,16,20.50,67.20,6.60,24.00,pomegranate
102,22,15,20.00,68.80,7.00,23.20,pomegranate
97,25,18,21.30,65.80,6.80,25.40,pomegranate
108,18,12,18.90,71.00,7.40,19.80,pomegranate
95,27,20,22.20,64.00,6.30,27.00,pomegranate
104,21,14,19.60,69.20,7.15,22.00,pomegranate
99,23,17,20.60,66.60,6.55,24.20,pomegranate
101,22,16,20.20,67.60,6.90,23.40,pomegranate
20,10,50,26.22,94.84,6.34,110.99,banana
22,12,48,27.50,92.30,6.60,105.40,banana
18,8,52,25.80,96.20,6.10,115.60,banana
21,11,49,26.80,93.80,6.50,108.80,banana
24,14,46,28.10,91.60,6.80,103.20,banana
19,9,51,25.50,95.40,6.20,113.40,banana
23,13,47,27.80,92.00,6.70,106.60,banana
17,7,53,25.20,97.00,6.00,117.80,banana
20,10,50,26.50,94.20,6.40,111.60,banana
22,12,48,27.20,93.10,6.55,107.40,banana
25,15,45,28.50,90.80,6.90,101.00,banana
16,6,54,24.80,97.80,5.90,120.00,banana
21,11,49,26.90,94.60,6.45,109.20,banana
18,8,52,25.60,95.80,6.15,114.80,banana
23,13,47,27.60,92.50,6.65,105.80,banana
100,82,17,27.08,94.12,6.28,150.57,mango
95,85,20,28.50,92.30,6.50,145.80,mango
105,80,15,26.50,95.40,6.10,155.20,mango
98,83,18,27.80,93.60,6.40,148.60,mango
102,78,22,29.10,91.80,6.70,143.40,mango
93,86,14,26.20,96.00,6.00,157.60,mango
107,79,19,27.40,94.80,6.30,152.40,mango
96,84,16,28.20,92.60,6.60,146.60,mango
100,81,17,27.00,93.90,6.35,151.00,mango
103,77,21,29.50,91.20,6.80,141.20,mango
91,88,13,25.80,96.80,5.90,160.00,mango
108,78,20,27.60,94.40,6.25,153.80,mango
97,83,18,28.00,93.20,6.55,147.40,mango
104,80,15,26.80,95.60,6.15,154.60,mango
99,82,16,27.30,94.00,6.45,149.80,mango
30,60,10,31.46,62.76,4.56,198.92,grapes
28,65,12,32.10,60.20,4.80,195.40,grapes
32,58,8,30.80,64.60,4.30,202.80,grapes
29,62,11,31.80,61.80,4.60,197.60,grapes
34,56,14,33.20,59.40,5.00,192.00,grapes
27,66,7,30.50,65.40,4.20,205.20,grapes
31,59,9,31.20,63.80,4.50,200.80,grapes
33,57,13,32.80,60.60,4.90,194.20,grapes
30,61,10,31.50,62.40,4.55,199.40,grapes
26,67,6,30.20,66.00,4.10,207.60,grapes
35,55,15,33.50,58.80,5.10,190.00,grapes
28,63,11,31.90,61.50,4.65,196.80,grapes
32,58,9,31.00,64.20,4.40,201.60,grapes
29,64,12,32.30,60.00,4.75,193.80,grapes
31,60,10,31.60,62.60,4.50,199.00,grapes
81,18,26,27.85,60.54,5.34,116.80,watermelon
78,20,28,28.60,58.20,5.60,112.40,watermelon
84,16,24,27.20,62.40,5.10,120.60,watermelon
80,19,27,28.10,59.60,5.40,115.40,watermelon
86,14,30,29.20,57.00,5.80,110.00,watermelon
77,21,23,26.80,63.20,5.00,122.80,watermelon
83,17,25,27.60,61.40,5.20,118.60,watermelon
79,20,28,28.40,58.80,5.50,113.60,watermelon
81,18,26,27.90,60.20,5.35,117.20,watermelon
85,15,29,29.00,57.40,5.70,111.20,watermelon
76,22,22,26.50,64.00,4.90,124.00,watermelon
87,13,31,29.50,56.20,5.90,108.00,watermelon
82,17,25,27.50,61.80,5.15,119.40,watermelon
78,20,27,28.30,59.00,5.45,114.00,watermelon
80,19,26,28.00,60.60,5.30,116.00,watermelon
5,15,10,25.52,92.62,5.98,105.94,muskmelon
7,18,12,26.80,90.20,6.20,102.40,muskmelon
4,13,8,24.80,94.40,5.70,109.60,muskmelon
6,16,11,25.90,91.80,6.10,104.60,muskmelon
8,19,13,27.20,89.60,6.40,100.80,muskmelon
3,12,7,24.50,95.00,5.60,111.80,muskmelon
5,14,10,25.30,93.20,5.90,107.40,muskmelon
9,20,14,27.50,88.80,6.50,99.00,muskmelon
6,16,11,26.10,92.00,6.00,106.20,muskmelon
4,13,9,25.00,93.80,5.80,108.80,muskmelon
10,21,15,28.00,88.00,6.60,97.20,muskmelon
3,11,6,24.20,95.80,5.50,113.00,muskmelon
7,17,12,26.50,90.60,6.15,103.20,muskmelon
5,15,10,25.60,92.40,5.95,106.60,muskmelon
8,18,13,27.00,89.40,6.35,101.40,muskmelon
12,14,8,33.68,65.50,6.73,64.50,apple
15,17,10,32.80,63.20,6.40,60.80,apple
10,12,6,34.50,67.40,7.00,68.20,apple
13,15,9,33.20,64.80,6.60,62.90,apple
16,18,11,32.40,62.60,6.30,59.40,apple
9,11,5,35.00,68.20,7.10,70.00,apple
11,13,7,34.00,66.60,6.80,66.40,apple
14,16,10,33.00,64.00,6.50,61.60,apple
12,14,8,33.70,65.40,6.70,64.80,apple
17,19,12,32.10,62.00,6.20,58.20,apple
8,10,4,35.50,69.00,7.20,72.00,apple
10,12,6,34.30,67.00,6.90,67.60,apple
15,17,9,32.60,63.60,6.45,60.20,apple
13,15,8,33.40,65.00,6.65,63.40,apple
11,13,7,34.10,66.20,6.75,65.80,apple
80,17,28,23.77,65.41,5.62,48.17,orange
76,20,30,24.50,63.20,5.80,45.60,orange
84,15,26,23.20,67.00,5.40,50.80,orange
79,18,29,24.00,64.60,5.70,47.40,orange
86,13,32,25.10,62.00,6.00,43.20,orange
74,22,24,22.80,68.00,5.20,52.60,orange
82,16,27,23.50,66.20,5.50,49.40,orange
78,19,30,24.30,63.80,5.90,46.80,orange
80,17,28,23.80,65.40,5.60,48.00,orange
85,14,31,25.00,62.40,5.95,44.00,orange
73,23,23,22.50,68.80,5.10,54.00,orange
87,12,33,25.40,61.20,6.10,42.00,orange
81,16,27,23.60,66.60,5.45,49.80,orange
77,20,29,24.20,64.00,5.75,46.20,orange
83,15,26,23.30,66.80,5.35,50.40,orange
20,130,200,18.96,17.30,5.72,99.60,papaya
22,135,195,19.80,15.20,5.90,96.40,papaya
18,125,205,18.50,19.00,5.50,102.80,papaya
21,132,198,19.30,16.60,5.80,98.40,papaya
24,138,192,20.20,14.40,6.00,94.60,papaya
17,122,208,18.20,19.80,5.40,105.00,papaya
23,136,196,19.60,15.80,5.85,97.20,papaya
19,128,202,18.80,17.80,5.60,101.40,papaya
20,130,200,19.00,17.20,5.70,100.00,papaya
25,140,190,20.50,13.80,6.10,93.00,papaya
16,120,210,17.90,20.60,5.30,107.20,papaya
22,133,197,19.50,16.00,5.95,96.80,papaya
18,126,204,18.60,18.40,5.55,103.60,papaya
21,131,199,19.20,16.80,5.75,99.20,papaya
23,137,194,19.90,15.00,5.88,95.80,papaya
14,60,25,22.47,80.12,5.54,40.19,coconut
16,65,28,23.50,78.20,5.80,38.60,coconut
12,55,22,21.80,82.40,5.30,42.80,coconut
15,62,26,22.80,79.60,5.60,39.40,coconut
18,68,30,24.10,77.00,6.00,36.40,coconut
11,52,20,21.50,83.20,5.10,44.60,coconut
13,58,24,22.20,81.20,5.40,41.60,coconut
17,66,29,23.80,77.80,5.90,37.20,coconut
14,60,25,22.50,80.00,5.55,40.00,coconut
19,70,31,24.40,76.20,6.10,35.20,coconut
10,50,18,21.20,84.00,5.00,46.00,coconut
16,64,27,23.20,78.60,5.75,38.00,coconut
12,56,23,21.90,82.00,5.25,43.40,coconut
15,63,26,22.60,79.80,5.65,39.80,coconut
17,67,28,23.60,78.00,5.85,37.60,coconut
120,35,40,21.60,70.20,6.50,170.50,cotton
115,38,42,22.40,68.60,6.80,165.20,cotton
125,32,38,20.80,72.00,6.20,175.80,cotton
118,36,41,21.90,69.40,6.60,168.40,cotton
128,30,36,20.20,73.40,6.00,180.00,cotton
112,40,44,23.00,67.00,7.00,162.00,cotton
122,34,39,21.30,70.80,6.40,172.60,cotton
116,37,43,22.60,68.20,6.70,166.40,cotton
120,35,40,21.50,70.00,6.50,170.00,cotton
130,28,34,19.80,74.80,5.80,185.00,cotton
110,42,46,23.50,66.00,7.10,159.60,cotton
124,33,38,21.00,71.40,6.30,174.20,cotton
117,37,42,22.20,68.80,6.75,167.00,cotton
121,35,40,21.70,70.40,6.45,171.40,cotton
126,31,37,20.50,72.60,6.10,177.40,cotton
85,30,40,37.20,29.50,6.85,60.10,jute
82,33,42,38.00,27.40,6.60,57.80,jute
88,28,38,36.60,31.20,7.10,62.40,jute
84,31,41,37.50,28.80,6.80,59.20,jute
90,26,36,36.20,32.60,7.20,64.80,jute
80,35,44,38.50,26.00,6.40,55.40,jute
86,29,39,37.00,30.40,6.90,61.60,jute
83,32,43,37.80,27.80,6.50,58.40,jute
87,28,38,36.80,31.00,7.05,62.00,jute
91,25,35,35.90,33.40,7.30,66.00,jute
79,36,45,38.80,25.20,6.30,54.20,jute
89,27,37,36.40,31.80,7.15,63.60,jute
81,34,43,38.20,26.60,6.55,56.60,jute
85,30,40,37.30,29.60,6.88,60.40,jute
88,28,39,36.70,31.40,7.08,63.00,jute
105,72,45,25.30,78.40,6.20,180.50,coffee
100,75,48,26.50,76.20,6.50,175.60,coffee
110,70,42,24.80,80.00,6.00,185.20,coffee
103,73,46,25.80,77.60,6.30,178.40,coffee
112,68,50,27.10,75.00,6.70,173.00,coffee
98,77,40,24.50,81.00,5.80,190.00,coffee
107,71,44,25.50,78.80,6.10,182.60,coffee
101,74,47,26.20,76.60,6.40,176.80,coffee
105,72,45,25.40,78.40,6.25,181.00,coffee
114,66,52,27.50,74.00,6.80,170.40,coffee
96,78,38,24.00,82.00,5.70,192.60,coffee
108,70,43,25.60,79.40,6.05,184.00,coffee
102,73,46,26.00,77.00,6.35,177.60,coffee
106,71,44,25.20,78.60,6.15,183.20,coffee
110,69,48,26.80,75.40,6.60,174.20,coffee
